{
    "k": 20,
    "silhouette_score": 0.16303203259248555,
    "clusters": {
        "11": [
            0
        ],
        "6": [
            1,
            2,
            4
        ],
        "15": [
            3
        ],
        "12": [
            5
        ],
        "14": [
            6
        ],
        "9": [
            7,
            14
        ],
        "16": [
            8
        ],
        "19": [
            9
        ],
        "13": [
            10
        ],
        "1": [
            11,
            13
        ],
        "7": [
            12
        ],
        "0": [
            15,
            16
        ],
        "5": [
            17,
            18,
            24
        ],
        "10": [
            19,
            22,
            25
        ],
        "3": [
            20,
            23
        ],
        "8": [
            21
        ],
        "17": [
            26
        ],
        "4": [
            27
        ],
        "2": [
            28
        ],
        "18": [
            29
        ]
    }
}