{
    "k": 44,
    "silhouette_score": 0.44782513929712386,
    "clusters": {
        "2": [
            0,
            28
        ],
        "7": [
            1
        ],
        "3": [
            2,
            4,
            8,
            67
        ],
        "13": [
            3,
            25
        ],
        "36": [
            5
        ],
        "6": [
            6,
            27,
            29,
            30,
            48,
            52
        ],
        "34": [
            7
        ],
        "35": [
            9
        ],
        "5": [
            10
        ],
        "14": [
            11
        ],
        "40": [
            12
        ],
        "11": [
            13,
            24,
            39
        ],
        "32": [
            14
        ],
        "8": [
            15,
            23,
            64
        ],
        "19": [
            16,
            17
        ],
        "22": [
            18
        ],
        "17": [
            19,
            66
        ],
        "39": [
            20,
            22
        ],
        "16": [
            21
        ],
        "0": [
            26,
            37,
            46,
            47,
            54
        ],
        "18": [
            31
        ],
        "41": [
            32
        ],
        "9": [
            33
        ],
        "28": [
            34
        ],
        "12": [
            35
        ],
        "38": [
            36
        ],
        "15": [
            38
        ],
        "10": [
            40
        ],
        "4": [
            41,
            59
        ],
        "1": [
            42
        ],
        "25": [
            43
        ],
        "20": [
            44,
            53
        ],
        "43": [
            45,
            51,
            55
        ],
        "27": [
            49
        ],
        "26": [
            50
        ],
        "24": [
            56
        ],
        "42": [
            57
        ],
        "33": [
            58
        ],
        "21": [
            60
        ],
        "31": [
            61
        ],
        "23": [
            62
        ],
        "29": [
            63
        ],
        "37": [
            65
        ],
        "30": [
            68
        ]
    }
}